Title,Price,Date
Funny Got Data MIS Data Systems Business Analyst T-Shirt,"19
                                 
                                  .",2024-02-08
Funny Got Data MIS Data Systems Business Analyst T-Shirt,"19
                                 
                                  .",2024-02-08
Funny Got Data MIS Data Systems Business Analyst T-Shirt,"19
                                 
                                  .",2024-02-08
Funny Got Data MIS Data Systems Business Analyst T-Shirt,"19
                                 
                                  .",2024-02-08
Funny Got Data MIS Data Systems Business Analyst T-Shirt,"19
                                 
                                  .",2024-02-08
Funny Got Data MIS Data Systems Business Analyst T-Shirt,"19
                                 
                                  .",2024-02-08
